,class,operation,time
0,honest,sign,7
1,honest,sign,3
2,honest,sign,3
3,honest,sign,4
4,honest,sign,2
5,honest,sign,12
6,honest,sign,3
7,honest,sign,3
8,honest,sign,4
9,honest,sign,8
10,honest,sign,1
11,honest,sign,4
12,honest,sign,1
13,honest,sign,2
14,honest,sign,4
15,honest,sign,1
16,honest,sign,2
17,honest,sign,1
18,honest,sign,3
19,honest,sign,3
20,honest,sign,3
21,honest,sign,11
22,honest,sign,4
23,honest,sign,4
24,honest,sign,6
25,honest,sign,4
26,honest,sign,8
27,honest,sign,4
28,honest,sign,7
29,honest,sign,7
30,honest,sign,6
31,honest,sign,1
32,honest,sign,2
33,honest,sign,2
34,honest,sign,2
35,honest,sign,6
36,honest,sign,6
37,honest,sign,6
38,honest,sign,2
39,honest,sign,3
40,honest,sign,9
41,honest,sign,2
42,honest,sign,2
43,honest,sign,5
44,honest,sign,3
45,honest,sign,4
46,honest,sign,5
47,honest,sign,4
48,honest,sign,3
49,honest,sign,1
50,honest,sign,2
51,honest,sign,4
52,honest,sign,5
53,honest,sign,1
54,honest,sign,5
55,honest,sign,4
56,honest,sign,2
57,honest,sign,5
58,honest,sign,5
59,honest,sign,2
60,honest,sign,4
61,honest,sign,14
62,honest,sign,1
63,honest,sign,17
64,honest,sign,1
65,honest,sign,7
66,honest,sign,1
67,honest,sign,1
68,honest,sign,1
69,honest,sign,8
70,honest,sign,6
71,honest,sign,2
72,honest,sign,3
73,honest,sign,3
74,honest,sign,1
75,honest,sign,3
76,honest,sign,12
77,honest,sign,3
78,honest,sign,3
79,honest,sign,1
80,honest,sign,2
81,honest,sign,16
82,honest,sign,2
83,honest,sign,7
84,honest,sign,3
85,honest,sign,1
86,honest,sign,5
87,honest,sign,7
88,honest,sign,9
89,honest,sign,3
90,honest,sign,2
91,honest,sign,3
92,honest,sign,6
93,honest,sign,5
94,honest,sign,5
95,honest,sign,17
96,honest,sign,1
97,honest,sign,3
98,honest,sign,14
99,honest,sign,3
100,honest,sign,1
101,honest,sign,19
102,honest,sign,2
103,honest,sign,1
104,honest,sign,1
105,honest,sign,6
106,honest,sign,1
107,honest,sign,5
108,honest,sign,1
109,honest,sign,10
110,honest,sign,23
111,honest,sign,8
112,honest,sign,9
113,honest,sign,9
114,honest,sign,1
115,honest,sign,4
116,honest,sign,10
117,honest,sign,1
118,honest,sign,3
119,honest,sign,1
120,honest,sign,3
121,honest,sign,1
122,honest,sign,4
123,honest,sign,1
124,honest,sign,1
125,honest,sign,2
126,honest,sign,4
127,honest,sign,1
128,honest,sign,8
129,honest,sign,6
130,honest,sign,5
131,honest,sign,5
132,honest,sign,1
133,honest,sign,9
134,honest,sign,6
135,honest,sign,8
136,honest,sign,8
137,honest,sign,3
138,honest,sign,1
139,honest,sign,3
140,honest,sign,6
141,honest,sign,6
142,honest,sign,5
143,honest,sign,5
144,honest,sign,3
145,honest,sign,10
146,honest,sign,2
147,honest,sign,1
148,honest,sign,1
149,honest,sign,4
150,honest,sign,10
151,honest,sign,4
152,honest,sign,1
153,honest,sign,2
154,honest,sign,3
155,honest,sign,14
156,honest,sign,7
157,honest,sign,2
158,honest,sign,1
159,honest,sign,1
160,honest,sign,12
161,honest,sign,6
162,honest,sign,3
163,honest,sign,1
164,honest,sign,1
165,honest,sign,3
166,honest,sign,1
167,honest,sign,3
168,honest,sign,1
169,honest,sign,5
170,honest,sign,9
171,honest,sign,3
172,honest,sign,3
173,honest,sign,8
174,honest,sign,7
175,honest,sign,2
176,honest,sign,4
177,honest,sign,6
178,honest,sign,2
179,honest,sign,4
180,honest,sign,3
181,honest,sign,11
182,honest,sign,4
183,honest,sign,6
184,honest,sign,20
185,honest,sign,1
186,honest,sign,3
187,honest,sign,6
188,honest,sign,6
189,honest,sign,15
190,honest,sign,3
191,honest,sign,4
192,honest,sign,3
193,honest,sign,1
194,honest,sign,2
195,honest,sign,1
196,honest,sign,3
197,honest,sign,5
198,honest,sign,2
199,honest,sign,2
200,honest,sign,12
201,honest,sign,4
202,honest,sign,3
203,honest,sign,1
204,honest,sign,4
205,honest,sign,1
206,honest,sign,3
207,honest,sign,2
208,honest,sign,2
209,honest,sign,4
210,honest,sign,1
211,honest,sign,8
212,honest,sign,9
213,honest,sign,6
214,honest,sign,7
215,honest,sign,2
216,honest,sign,25
217,honest,sign,19
218,honest,sign,3
219,honest,sign,5
220,honest,sign,3
221,honest,sign,1
222,honest,sign,2
223,honest,sign,4
224,honest,sign,2
225,honest,sign,10
226,honest,sign,8
227,honest,sign,2
228,honest,sign,7
229,honest,sign,5
230,honest,sign,6
231,honest,sign,9
232,honest,sign,9
233,honest,sign,5
234,honest,sign,8
235,honest,sign,6
236,honest,sign,4
237,honest,sign,3
238,honest,sign,11
239,honest,sign,6
240,honest,sign,5
241,honest,sign,12
242,honest,sign,5
243,honest,sign,1
244,honest,sign,5
245,honest,sign,14
246,honest,sign,4
247,honest,sign,5
248,honest,sign,1
249,honest,sign,8
250,honest,sign,11
251,honest,sign,2
252,honest,sign,2
253,honest,sign,4
254,honest,sign,2
255,honest,sign,5
256,honest,sign,1
257,honest,sign,5
258,honest,sign,8
259,honest,sign,6
260,honest,sign,3
261,honest,sign,3
262,honest,sign,2
263,honest,sign,2
264,honest,sign,5
265,honest,sign,4
266,honest,sign,5
267,honest,sign,8
268,honest,sign,4
269,honest,sign,12
270,honest,sign,3
271,honest,sign,14
272,honest,verify,125
273,honest,verify,133
274,honest,verify,112
275,honest,verify,3
276,honest,verify,140
277,honest,verify,127
278,honest,verify,143
279,honest,verify,116
280,honest,verify,100
281,honest,verify,107
282,honest,verify,95
283,honest,verify,114
284,honest,verify,112
285,honest,verify,110
286,honest,verify,127
287,honest,verify,88
288,honest,verify,66
289,honest,verify,139
290,honest,verify,110
291,honest,verify,128
292,honest,verify,105
293,honest,verify,135
294,honest,verify,110
295,honest,verify,88
296,honest,verify,97
297,honest,verify,26
298,honest,verify,135
299,honest,verify,61
300,honest,verify,78
301,honest,verify,120
302,honest,verify,112
303,honest,verify,108
304,honest,verify,143
305,honest,verify,119
306,honest,verify,108
307,honest,verify,99
308,honest,verify,81
309,honest,verify,127
310,honest,verify,118
311,honest,verify,131
312,honest,verify,85
313,honest,verify,98
314,honest,verify,123
315,honest,verify,110
316,honest,verify,140
317,honest,verify,144
318,honest,verify,135
319,honest,verify,62
320,honest,verify,100
321,honest,verify,132
322,honest,verify,129
323,honest,verify,48
324,honest,verify,129
325,honest,verify,134
326,honest,verify,88
327,honest,verify,152
328,honest,verify,131
329,honest,verify,105
330,honest,verify,149
331,honest,verify,92
332,honest,verify,86
333,honest,verify,67
334,honest,verify,147
335,honest,verify,136
336,honest,verify,103
337,honest,verify,103
338,honest,verify,127
339,honest,verify,135
340,honest,verify,129
341,honest,verify,124
342,honest,verify,7
343,honest,verify,122
344,honest,verify,19
345,honest,verify,143
346,honest,verify,134
347,honest,verify,88
348,honest,verify,113
349,honest,verify,15
350,honest,verify,139
351,honest,verify,118
352,honest,verify,102
353,honest,verify,133
354,honest,verify,150
355,honest,verify,138
356,honest,verify,128
357,honest,verify,129
358,honest,verify,115
359,honest,verify,89
360,honest,verify,78
361,honest,verify,80
362,honest,verify,47
363,honest,verify,143
364,honest,verify,124
365,honest,verify,112
366,honest,verify,132
367,honest,verify,126
368,honest,verify,102
369,honest,verify,110
370,honest,verify,107
371,honest,verify,139
372,honest,verify,31
373,honest,verify,123
374,honest,verify,113
375,honest,verify,130
376,honest,verify,139
377,honest,verify,131
378,honest,verify,143
379,honest,verify,141
380,honest,verify,93
381,honest,verify,107
382,honest,verify,82
383,honest,verify,123
384,honest,verify,135
385,honest,verify,124
386,honest,verify,122
387,honest,verify,129
388,honest,verify,127
389,honest,verify,130
390,honest,verify,95
391,honest,verify,6
392,honest,verify,145
393,honest,verify,113
394,honest,verify,122
395,honest,verify,9
396,honest,verify,102
397,honest,verify,69
398,honest,verify,74
399,honest,verify,112
400,honest,verify,134
401,honest,verify,119
402,honest,verify,93
403,honest,verify,119
404,honest,verify,131
405,honest,verify,129
406,honest,verify,135
407,honest,verify,126
408,honest,verify,123
409,honest,verify,135
410,honest,verify,151
411,honest,verify,141
412,honest,verify,143
413,honest,verify,149
414,honest,verify,133
415,honest,verify,90
416,honest,verify,135
417,honest,verify,145
418,honest,verify,135
419,honest,verify,120
420,honest,verify,123
421,honest,verify,125
422,honest,verify,113
423,honest,verify,114
424,honest,verify,134
425,honest,verify,111
426,honest,verify,133
427,honest,verify,106
428,honest,verify,20
429,honest,verify,142
430,honest,verify,131
431,honest,verify,110
432,honest,verify,140
433,honest,verify,141
434,honest,verify,39
435,honest,verify,47
436,honest,verify,141
437,honest,verify,34
438,honest,verify,149
439,honest,verify,78
440,honest,verify,130
441,honest,verify,83
442,honest,verify,148
443,honest,verify,105
444,honest,verify,107
445,honest,verify,134
446,honest,verify,150
447,honest,verify,111
448,honest,verify,147
449,honest,verify,133
450,honest,verify,26
451,honest,verify,133
452,honest,verify,87
453,honest,verify,119
454,honest,verify,140
455,honest,verify,104
456,honest,verify,115
457,honest,verify,144
458,honest,verify,92
459,honest,verify,121
460,honest,verify,110
461,honest,verify,117
462,honest,verify,101
463,honest,verify,108
464,honest,verify,133
465,honest,verify,134
466,honest,verify,136
467,honest,verify,93
468,honest,verify,133
469,honest,verify,43
470,honest,verify,153
471,honest,verify,95
472,honest,verify,145
473,honest,verify,143
474,honest,verify,109
475,honest,verify,98
476,honest,verify,120
477,honest,verify,108
478,honest,verify,132
479,honest,verify,106
480,honest,verify,137
481,honest,verify,121
482,honest,verify,93
483,honest,verify,135
484,honest,verify,128
485,honest,verify,115
486,honest,verify,130
487,honest,verify,128
488,honest,verify,92
489,honest,verify,141
490,honest,verify,24
491,honest,verify,152
492,honest,verify,56
493,honest,verify,71
494,honest,verify,127
495,honest,verify,130
496,honest,verify,133
497,honest,verify,140
498,honest,verify,80
499,honest,verify,92
500,honest,verify,108
501,honest,verify,127
502,honest,verify,130
503,honest,verify,129
504,honest,verify,143
505,honest,verify,44
506,honest,verify,104
507,honest,verify,110
508,honest,verify,78
509,honest,verify,124
510,honest,verify,125
511,honest,verify,128
512,honest,verify,132
513,honest,verify,128
514,honest,verify,141
515,honest,verify,128
516,honest,verify,98
517,honest,verify,106
518,honest,verify,118
519,honest,verify,147
520,honest,verify,118
521,honest,verify,132
522,honest,verify,112
523,honest,verify,106
524,honest,verify,114
525,honest,verify,145
526,honest,verify,104
527,honest,verify,92
528,honest,verify,128
529,honest,verify,135
530,honest,verify,81
531,honest,verify,114
532,honest,verify,123
533,honest,verify,124
534,honest,verify,119
535,honest,verify,137
536,honest,verify,142
537,honest,verify,136
538,honest,verify,140
539,honest,verify,137
540,honest,verify,81
541,honest,verify,143
542,honest,verify,108
543,honest,verify,121
544,honest,verify,102
545,honest,verify,80
546,honest,verify,117
547,honest,verify,136
548,honest,verify,92
549,honest,verify,107
550,honest,verify,146
551,honest,verify,125
552,honest,verify,143
553,honest,verify,96
554,honest,verify,120
555,honest,verify,91
556,honest,verify,124
557,honest,verify,121
558,honest,verify,106
559,honest,verify,14
560,honest,verify,148
561,honest,verify,129
562,honest,verify,118
563,honest,verify,119
564,honest,verify,104
565,honest,verify,80
566,honest,verify,139
567,honest,verify,105
568,honest,verify,143
569,honest,verify,112
570,honest,verify,141
571,honest,verify,113
572,honest,verify,139
573,honest,verify,108
574,honest,verify,111
575,honest,verify,16
576,honest,verify,144
577,honest,verify,120
578,honest,verify,122
579,honest,verify,131
580,honest,verify,21
581,honest,verify,124
582,honest,verify,74
583,honest,verify,128
584,honest,verify,134
585,honest,verify,114
586,honest,verify,111
587,honest,verify,127
588,honest,verify,152
589,honest,verify,140
590,honest,verify,122
591,honest,verify,84
592,honest,verify,130
593,honest,verify,141
594,honest,verify,118
595,honest,verify,132
596,honest,verify,140
597,honest,verify,145
598,honest,verify,126
599,honest,verify,65
600,honest,verify,138
601,honest,verify,104
602,honest,verify,65
603,honest,verify,116
604,honest,verify,119
605,honest,verify,139
606,honest,verify,84
607,honest,verify,131
608,honest,verify,137
609,honest,verify,147
610,honest,verify,23
611,honest,verify,113
612,honest,verify,117
613,honest,verify,120
614,honest,verify,143
615,honest,verify,154
616,honest,verify,137
617,honest,verify,129
618,honest,verify,118
619,honest,verify,134
620,honest,verify,92
621,honest,verify,148
622,honest,verify,114
623,honest,verify,115
624,honest,verify,121
625,honest,verify,97
626,honest,verify,99
627,honest,verify,135
628,honest,verify,111
629,honest,verify,105
630,honest,verify,124
631,honest,verify,98
632,honest,verify,107
633,honest,verify,137
634,honest,verify,145
635,honest,verify,105
636,honest,verify,138
637,honest,verify,119
638,honest,verify,102
639,honest,verify,144
640,honest,verify,143
641,honest,verify,132
642,honest,verify,99
643,honest,verify,93
644,honest,verify,106
645,honest,verify,146
646,honest,verify,157
647,honest,verify,101
648,honest,verify,146
649,honest,verify,160
650,honest,verify,16
651,honest,verify,114
652,honest,verify,110
653,smart,sign,148
654,smart,sign,149
655,smart,sign,148
656,smart,sign,147
657,smart,sign,126
658,smart,sign,148
659,smart,sign,147
660,smart,sign,147
661,smart,sign,148
662,smart,sign,149
663,smart,sign,148
664,smart,sign,144
665,smart,sign,146
666,smart,sign,149
667,smart,sign,149
668,smart,sign,148
669,smart,sign,149
670,smart,sign,149
671,smart,sign,145
672,smart,sign,145
673,smart,sign,148
674,smart,sign,1
675,smart,sign,144
676,smart,sign,147
677,smart,sign,147
678,smart,sign,148
679,smart,sign,148
680,smart,sign,145
681,smart,sign,150
682,smart,sign,149
683,smart,sign,148
684,smart,sign,147
685,smart,sign,150
686,smart,sign,149
687,smart,sign,150
688,smart,sign,149
689,smart,sign,150
690,smart,sign,147
691,smart,sign,52
692,smart,sign,148
693,smart,sign,144
694,smart,sign,149
695,smart,sign,142
696,smart,sign,146
697,smart,sign,149
698,smart,sign,142
699,smart,sign,149
700,smart,sign,66
701,smart,sign,127
702,smart,sign,149
703,smart,sign,148
704,smart,sign,148
705,smart,sign,147
706,smart,sign,146
707,smart,sign,149
708,smart,sign,149
709,smart,sign,148
710,smart,sign,147
711,smart,sign,144
712,smart,sign,149
713,smart,sign,150
714,smart,sign,120
715,smart,sign,143
716,smart,sign,148
717,smart,sign,148
718,smart,sign,150
719,smart,sign,147
720,smart,sign,150
721,smart,sign,77
722,smart,sign,149
723,smart,sign,149
724,smart,sign,126
725,smart,sign,38
726,smart,sign,144
727,smart,sign,148
728,smart,sign,149
729,smart,sign,149
730,smart,sign,149
731,smart,sign,143
732,smart,sign,147
733,smart,sign,146
734,smart,sign,147
735,smart,sign,148
736,smart,sign,145
737,smart,sign,144
738,smart,sign,149
739,smart,sign,150
740,smart,sign,148
741,smart,sign,149
742,smart,sign,149
743,smart,sign,116
744,smart,sign,78
745,smart,sign,88
746,smart,sign,149
747,smart,sign,149
748,smart,sign,150
749,smart,sign,148
750,smart,sign,150
751,smart,sign,147
752,smart,sign,147
753,smart,sign,150
754,smart,sign,150
755,smart,sign,149
756,smart,sign,149
757,smart,sign,79
758,smart,sign,148
759,smart,sign,149
760,smart,sign,148
761,smart,sign,149
762,smart,sign,149
763,smart,sign,148
764,smart,sign,149
765,smart,sign,149
766,smart,sign,37
767,smart,sign,148
768,smart,sign,150
769,smart,sign,27
770,smart,sign,149
771,smart,sign,150
772,smart,sign,149
773,smart,sign,36
774,smart,sign,149
775,smart,sign,146
776,smart,sign,150
777,smart,sign,150
778,smart,sign,144
779,smart,sign,148
780,smart,sign,147
781,smart,sign,150
782,smart,sign,149
783,smart,sign,19
784,smart,sign,149
785,smart,sign,144
786,smart,sign,149
787,smart,sign,148
788,smart,sign,148
789,smart,sign,149
790,smart,sign,149
791,smart,sign,148
792,smart,sign,149
793,smart,sign,148
794,smart,sign,147
795,smart,sign,149
796,smart,sign,148
797,smart,sign,148
798,smart,sign,147
799,smart,sign,150
800,smart,sign,149
801,smart,sign,150
802,smart,sign,147
803,smart,sign,149
804,smart,sign,148
805,smart,sign,147
806,smart,sign,149
807,smart,sign,149
808,smart,sign,74
809,smart,sign,37
810,smart,sign,149
811,smart,sign,144
812,smart,sign,148
813,smart,sign,149
814,smart,sign,150
815,smart,sign,148
816,smart,sign,149
817,smart,sign,150
818,smart,sign,149
819,smart,sign,149
820,smart,sign,150
821,smart,sign,150
822,smart,sign,150
823,smart,sign,150
824,smart,sign,149
825,smart,sign,150
826,smart,sign,125
827,smart,sign,149
828,smart,sign,148
829,smart,sign,148
830,smart,sign,141
831,smart,sign,148
832,smart,sign,149
833,smart,sign,148
834,smart,sign,70
835,smart,sign,145
836,smart,sign,146
837,smart,sign,146
838,smart,sign,149
839,smart,sign,150
840,smart,sign,146
841,smart,sign,150
842,smart,sign,150
843,smart,sign,148
844,smart,sign,146
845,smart,sign,35
846,smart,sign,148
847,smart,sign,149
848,smart,sign,148
849,smart,sign,141
850,smart,sign,7
851,smart,sign,148
852,smart,sign,142
853,smart,sign,149
854,smart,sign,148
855,smart,sign,146
856,smart,sign,147
857,smart,sign,150
858,smart,sign,149
859,smart,sign,147
860,smart,sign,148
861,smart,sign,147
862,smart,sign,149
863,smart,sign,143
864,smart,sign,148
865,smart,sign,149
866,smart,sign,146
867,smart,sign,90
868,smart,sign,26
869,smart,sign,118
870,smart,sign,149
871,smart,sign,146
872,smart,sign,147
873,smart,sign,149
874,smart,sign,148
875,smart,sign,144
876,smart,sign,148
877,smart,sign,147
878,smart,sign,149
879,smart,sign,149
880,smart,sign,149
881,smart,sign,149
882,smart,sign,59
883,smart,sign,144
884,smart,sign,148
885,smart,sign,148
886,smart,sign,148
887,smart,sign,148
888,smart,sign,150
889,smart,sign,150
890,smart,sign,150
891,smart,sign,150
892,smart,sign,19
893,smart,sign,149
894,smart,sign,144
895,smart,sign,148
896,smart,sign,148
897,smart,sign,138
898,smart,sign,138
899,smart,sign,150
900,smart,sign,150
901,smart,sign,150
902,smart,sign,146
903,smart,sign,150
904,smart,sign,87
905,smart,sign,149
906,smart,sign,147
907,smart,sign,148
908,smart,sign,149
909,smart,sign,147
910,smart,sign,146
911,smart,sign,147
912,smart,sign,148
913,smart,sign,149
914,smart,sign,141
915,smart,sign,150
916,smart,sign,149
917,smart,sign,148
918,smart,sign,150
919,smart,sign,148
920,smart,sign,59
921,smart,sign,148
922,smart,sign,149
923,smart,sign,150
924,smart,sign,147
925,smart,sign,150
926,smart,sign,149
927,smart,sign,145
928,smart,sign,149
929,smart,sign,146
930,smart,sign,149
931,smart,sign,147
932,smart,sign,146
933,smart,sign,147
934,smart,sign,146
935,smart,sign,149
936,smart,sign,148
937,smart,sign,148
938,smart,sign,148
939,smart,sign,148
940,smart,sign,149
941,smart,sign,148
942,smart,sign,147
943,smart,sign,149
944,smart,sign,64
945,smart,sign,145
946,smart,sign,147
947,smart,sign,148
948,smart,sign,143
949,smart,sign,149
950,smart,sign,148
951,smart,sign,147
952,smart,sign,149
953,smart,sign,150
954,smart,sign,148
955,smart,sign,147
956,smart,sign,150
957,smart,sign,143
958,smart,sign,148
959,smart,sign,147
960,smart,sign,149
961,smart,sign,148
962,smart,sign,144
963,smart,sign,148
964,smart,sign,105
965,smart,sign,149
966,smart,sign,149
967,smart,sign,148
968,smart,sign,148
969,smart,sign,147
970,smart,sign,149
971,smart,sign,149
972,smart,sign,146
973,smart,sign,149
974,smart,sign,141
975,smart,sign,145
976,smart,sign,146
977,smart,sign,149
978,smart,sign,146
979,smart,sign,150
980,smart,sign,150
981,smart,sign,146
982,smart,sign,150
983,smart,sign,149
984,smart,sign,150
985,smart,sign,149
986,smart,sign,148
987,smart,sign,149
988,smart,sign,146
989,smart,sign,149
990,smart,sign,144
991,smart,sign,146
992,smart,sign,134
993,smart,sign,149
994,smart,sign,149
995,smart,sign,150
996,smart,sign,127
997,smart,sign,149
998,smart,sign,149
999,smart,sign,147
1000,smart,sign,147
1001,smart,sign,150
1002,smart,sign,150
1003,smart,sign,149
1004,smart,sign,150
1005,smart,sign,149
1006,smart,sign,146
1007,smart,sign,149
1008,smart,sign,147
1009,smart,sign,143
1010,smart,sign,147
1011,smart,sign,146
1012,smart,sign,140
1013,smart,sign,149
1014,smart,sign,144
1015,smart,sign,16
1016,smart,sign,83
1017,smart,sign,145
1018,smart,sign,147
1019,smart,sign,2
1020,smart,sign,150
1021,smart,sign,142
1022,smart,sign,147
1023,smart,sign,150
1024,smart,sign,144
1025,smart,sign,148
1026,smart,sign,148
1027,smart,sign,147
1028,smart,sign,149
1029,smart,sign,148
1030,smart,sign,149
1031,smart,sign,147
1032,smart,sign,148
1033,smart,sign,150
1034,smart,sign,149
1035,smart,sign,150
1036,smart,sign,149
1037,smart,sign,148
1038,smart,sign,145
1039,smart,sign,19
1040,smart,sign,57
1041,smart,sign,149
1042,smart,sign,143
1043,smart,verify,282
1044,smart,verify,258
1045,smart,verify,295
1046,smart,verify,267
1047,smart,verify,228
1048,smart,verify,247
1049,smart,verify,286
1050,smart,verify,286
1051,smart,verify,243
1052,smart,verify,266
1053,smart,verify,248
1054,smart,verify,271
1055,smart,verify,258
1056,smart,verify,269
1057,smart,verify,222
1058,smart,verify,291
1059,smart,verify,283
1060,smart,verify,251
1061,smart,verify,243
1062,smart,verify,205
1063,smart,verify,269
1064,smart,verify,135
1065,smart,verify,271
1066,smart,verify,127
1067,smart,verify,276
1068,smart,verify,3
1069,smart,verify,278
1070,smart,verify,68
1071,smart,verify,268
1072,smart,verify,286
1073,smart,verify,292
1074,smart,verify,90
1075,smart,verify,251
1076,smart,verify,271
1077,smart,verify,207
1078,smart,verify,249
1079,smart,verify,241
1080,smart,verify,278
1081,smart,verify,291
1082,smart,verify,274
1083,smart,verify,289
1084,smart,verify,279
1085,smart,verify,193
1086,smart,verify,212
1087,smart,verify,254
1088,smart,verify,249
1089,smart,verify,255
1090,smart,verify,277
1091,smart,verify,274
1092,smart,verify,250
1093,smart,verify,257
1094,smart,verify,180
1095,smart,verify,230
1096,smart,verify,236
1097,smart,verify,267
1098,smart,verify,263
1099,smart,verify,282
1100,smart,verify,248
1101,smart,verify,273
1102,smart,verify,256
1103,smart,verify,253
1104,smart,verify,278
1105,smart,verify,267
1106,smart,verify,262
1107,smart,verify,280
1108,smart,verify,238
1109,smart,verify,268
1110,smart,verify,113
1111,smart,verify,283
1112,smart,verify,287
1113,smart,verify,246
1114,smart,verify,224
1115,smart,verify,232
1116,smart,verify,210
1117,smart,verify,261
1118,smart,verify,229
1119,smart,verify,263
1120,smart,verify,149
1121,smart,verify,245
1122,smart,verify,277
1123,smart,verify,264
1124,smart,verify,251
1125,smart,verify,246
1126,smart,verify,261
1127,smart,verify,260
1128,smart,verify,229
1129,smart,verify,282
1130,smart,verify,274
1131,smart,verify,256
1132,smart,verify,225
1133,smart,verify,123
1134,smart,verify,262
1135,smart,verify,238
1136,smart,verify,259
1137,smart,verify,247
1138,smart,verify,275
1139,smart,verify,236
1140,smart,verify,207
1141,smart,verify,186
1142,smart,verify,279
1143,smart,verify,263
1144,smart,verify,283
1145,smart,verify,278
1146,smart,verify,83
1147,smart,verify,254
1148,smart,verify,268
1149,smart,verify,283
1150,smart,verify,238
1151,smart,verify,295
1152,smart,verify,263
1153,smart,verify,279
1154,smart,verify,208
1155,smart,verify,290
1156,smart,verify,243
1157,smart,verify,239
1158,smart,verify,287
1159,smart,verify,267
1160,smart,verify,270
1161,smart,verify,271
1162,smart,verify,241
1163,smart,verify,180
1164,smart,verify,243
1165,smart,verify,269
1166,smart,verify,146
1167,smart,verify,240
1168,smart,verify,253
1169,smart,verify,248
1170,smart,verify,137
1171,smart,verify,265
1172,smart,verify,256
1173,smart,verify,292
1174,smart,verify,251
1175,smart,verify,222
1176,smart,verify,239
1177,smart,verify,244
1178,smart,verify,271
1179,smart,verify,260
1180,smart,verify,166
1181,smart,verify,287
1182,smart,verify,269
1183,smart,verify,277
1184,smart,verify,268
1185,smart,verify,283
1186,smart,verify,241
1187,smart,verify,262
1188,smart,verify,278
1189,smart,verify,232
1190,smart,verify,220
1191,smart,verify,271
1192,smart,verify,8
1193,smart,verify,286
1194,smart,verify,285
1195,smart,verify,278
1196,smart,verify,274
1197,smart,verify,227
1198,smart,verify,7
1199,smart,verify,78
1200,smart,verify,269
1201,smart,verify,3
1202,smart,verify,227
1203,smart,verify,223
1204,smart,verify,230
1205,smart,verify,283
1206,smart,verify,267
1207,smart,verify,284
1208,smart,verify,268
1209,smart,verify,199
1210,smart,verify,160
1211,smart,verify,282
1212,smart,verify,28
1213,smart,verify,243
1214,smart,verify,267
1215,smart,verify,297
1216,smart,verify,262
1217,smart,verify,247
1218,smart,verify,64
1219,smart,verify,254
1220,smart,verify,272
1221,smart,verify,22
1222,smart,verify,267
1223,smart,verify,264
1224,smart,verify,245
1225,smart,verify,272
1226,smart,verify,273
1227,smart,verify,268
1228,smart,verify,234
1229,smart,verify,291
1230,smart,verify,272
1231,smart,verify,261
1232,smart,verify,267
1233,smart,verify,247
1234,smart,verify,270
1235,smart,verify,296
1236,smart,verify,278
1237,smart,verify,279
1238,smart,verify,202
1239,smart,verify,264
1240,smart,verify,255
1241,smart,verify,255
1242,smart,verify,68
1243,smart,verify,276
1244,smart,verify,125
1245,smart,verify,47
1246,smart,verify,243
1247,smart,verify,259
1248,smart,verify,266
1249,smart,verify,284
1250,smart,verify,258
1251,smart,verify,235
1252,smart,verify,172
1253,smart,verify,274
1254,smart,verify,244
1255,smart,verify,258
1256,smart,verify,212
1257,smart,verify,140
1258,smart,verify,36
1259,smart,verify,251
1260,smart,verify,267
1261,smart,verify,297
1262,smart,verify,55
1263,smart,verify,248
1264,smart,verify,232
1265,smart,verify,289
1266,smart,verify,236
1267,smart,verify,289
1268,smart,verify,259
1269,smart,verify,251
1270,smart,verify,275
1271,smart,verify,289
1272,smart,verify,289
1273,smart,verify,286
1274,smart,verify,223
1275,smart,verify,253
1276,smart,verify,226
1277,smart,verify,148
1278,smart,verify,247
1279,smart,verify,285
1280,smart,verify,238
1281,smart,verify,275
1282,smart,verify,282
1283,smart,verify,256
1284,smart,verify,204
1285,smart,verify,289
1286,smart,verify,80
1287,smart,verify,275
1288,smart,verify,280
1289,smart,verify,240
1290,smart,verify,277
1291,smart,verify,255
1292,smart,verify,171
1293,smart,verify,249
1294,smart,verify,255
1295,smart,verify,281
1296,smart,verify,264
1297,smart,verify,264
1298,smart,verify,230
1299,smart,verify,257
1300,smart,verify,298
1301,smart,verify,268
1302,smart,verify,145
1303,smart,verify,273
1304,smart,verify,236
1305,smart,verify,268
1306,smart,verify,273
1307,smart,verify,248
1308,smart,verify,267
1309,smart,verify,250
1310,smart,verify,275
1311,smart,verify,243
1312,smart,verify,281
1313,smart,verify,250
1314,smart,verify,227
1315,smart,verify,275
1316,smart,verify,283
1317,smart,verify,255
1318,smart,verify,237
1319,smart,verify,241
1320,smart,verify,268
1321,smart,verify,271
1322,smart,verify,3
1323,smart,verify,290
1324,smart,verify,259
1325,smart,verify,250
1326,smart,verify,251
1327,smart,verify,270
1328,smart,verify,282
1329,smart,verify,258
1330,smart,verify,231
1331,smart,verify,190
1332,smart,verify,256
1333,smart,verify,271
1334,smart,verify,294
1335,smart,verify,285
1336,smart,verify,280
1337,smart,verify,102
1338,smart,verify,264
1339,smart,verify,273
1340,smart,verify,275
1341,smart,verify,274
1342,smart,verify,285
1343,smart,verify,259
1344,smart,verify,270
1345,smart,verify,272
1346,smart,verify,292
1347,smart,verify,273
1348,smart,verify,230
1349,smart,verify,14
1350,smart,verify,249
1351,smart,verify,222
1352,smart,verify,260
1353,smart,verify,269
1354,smart,verify,251
1355,smart,verify,265
1356,smart,verify,259
1357,smart,verify,184
1358,smart,verify,248
1359,smart,verify,252
1360,smart,verify,245
1361,smart,verify,259
1362,smart,verify,254
1363,smart,verify,236
1364,smart,verify,263
1365,smart,verify,294
1366,smart,verify,253
1367,smart,verify,18
1368,smart,verify,230
1369,smart,verify,252
1370,smart,verify,271
1371,smart,verify,259
1372,smart,verify,286
1373,smart,verify,280
1374,smart,verify,263
1375,smart,verify,273
1376,smart,verify,269
1377,smart,verify,261
1378,smart,verify,232
1379,smart,verify,269
1380,smart,verify,257
1381,smart,verify,297
1382,smart,verify,264
1383,smart,verify,249
1384,smart,verify,268
1385,smart,verify,34
1386,smart,verify,251
1387,smart,verify,280
1388,smart,verify,278
1389,smart,verify,273
1390,smart,verify,267
1391,smart,verify,100
1392,smart,verify,262
1393,smart,verify,264
1394,smart,verify,276
1395,smart,verify,291
1396,smart,verify,265
1397,smart,verify,270
1398,smart,verify,282
1399,smart,verify,84
1400,smart,verify,284
1401,smart,verify,217
1402,smart,verify,264
1403,smart,verify,272
1404,smart,verify,281
1405,smart,verify,260
1406,smart,verify,11
1407,smart,verify,279
1408,smart,verify,257
1409,smart,verify,282
1410,smart,verify,252
1411,smart,verify,250
1412,smart,verify,258
1413,smart,verify,268
1414,smart,verify,250
1415,smart,verify,279
1416,smart,verify,285
1417,smart,verify,263
1418,smart,verify,250
1419,smart,verify,275
1420,smart,verify,285
1421,smart,verify,272
1422,smart,verify,261
1423,smart,verify,237
1424,smart,verify,234
1425,smart,verify,268
1426,smart,verify,264
1427,smart,verify,253
1428,smart,verify,261
1429,smart,verify,254
1430,smart,verify,272
1431,smart,verify,259
1432,smart,verify,252
1433,smart,verify,142
1434,smart,verify,230
1435,smart,verify,245
1436,smart,verify,241
1437,smart,verify,131
1438,smart,verify,278
1439,smart,verify,267
1440,smart,verify,244
1441,smart,verify,244
1442,smart,verify,83
1443,smart,verify,264
1444,smart,verify,283
1445,smart,verify,272
1446,smart,verify,267
1447,smart,verify,280
1448,smart,verify,277
1449,smart,verify,273
1450,smart,verify,37
1451,smart,verify,243
1452,smart,verify,276
1453,smart,verify,280
1454,smart,verify,294
1455,smart,verify,249
1456,smart,verify,264
1457,smart,verify,280
1458,smart,verify,285
1459,smart,verify,135
1460,smart,verify,167
1461,smart,verify,240
1462,smart,verify,260
1463,blind,sign,147
1464,blind,sign,143
1465,blind,sign,144
1466,blind,sign,2
1467,blind,sign,137
1468,blind,sign,128
1469,blind,sign,100
1470,blind,sign,105
1471,blind,sign,97
1472,blind,sign,87
1473,blind,sign,42
1474,blind,sign,67
1475,blind,sign,58
1476,blind,sign,47
1477,blind,sign,37
1478,blind,sign,26
1479,blind,sign,15
1480,blind,sign,3
1481,blind,sign,132
1482,blind,sign,84
1483,blind,sign,114
1484,blind,sign,63
1485,blind,sign,66
1486,blind,sign,24
1487,blind,sign,62
1488,blind,sign,94
1489,blind,sign,136
1490,blind,sign,117
1491,blind,sign,131
1492,blind,sign,42
1493,blind,sign,88
1494,blind,sign,125
1495,blind,sign,37
1496,blind,sign,139
1497,blind,sign,29
1498,blind,sign,143
1499,blind,sign,12
1500,blind,sign,24
1501,blind,sign,142
1502,blind,sign,131
1503,blind,sign,9
1504,blind,sign,116
1505,blind,sign,99
1506,blind,sign,142
1507,blind,sign,118
1508,blind,sign,109
1509,blind,sign,57
1510,blind,sign,88
1511,blind,sign,130
1512,blind,sign,141
1513,blind,sign,65
1514,blind,sign,100
1515,blind,sign,38
1516,blind,sign,30
1517,blind,sign,50
1518,blind,sign,9
1519,blind,sign,19
1520,blind,sign,61
1521,blind,sign,77
1522,blind,sign,41
1523,blind,sign,137
1524,blind,sign,142
1525,blind,sign,97
1526,blind,sign,75
1527,blind,sign,23
1528,blind,sign,79
1529,blind,sign,20
1530,blind,sign,98
1531,blind,sign,79
1532,blind,sign,27
1533,blind,sign,57
1534,blind,sign,46
1535,blind,sign,77
1536,blind,sign,143
1537,blind,sign,94
1538,blind,sign,68
1539,blind,sign,19
1540,blind,verify,271
1541,blind,verify,284
1542,blind,verify,226
1543,blind,verify,2
1544,blind,verify,253
1545,blind,verify,242
1546,blind,verify,215
1547,blind,verify,230
1548,blind,verify,225
1549,blind,verify,221
1550,blind,verify,116
1551,blind,verify,192
1552,blind,verify,182
1553,blind,verify,136
1554,blind,verify,167
1555,blind,verify,153
1556,blind,verify,119
1557,blind,verify,98
1558,blind,verify,249
1559,blind,verify,203
1560,blind,verify,243
1561,blind,verify,196
1562,blind,verify,99
1563,blind,verify,41
1564,blind,verify,54
1565,blind,verify,187
1566,blind,verify,116
1567,blind,verify,130
1568,blind,verify,99
1569,blind,verify,176
1570,blind,verify,78
1571,blind,verify,220
1572,blind,verify,266
1573,blind,verify,226
1574,blind,verify,242
1575,blind,verify,175
1576,blind,verify,153
1577,blind,verify,242
1578,blind,verify,101
1579,blind,verify,147
1580,blind,verify,256
1581,blind,verify,163
1582,blind,verify,263
1583,blind,verify,52
1584,blind,verify,102
1585,blind,verify,156
1586,blind,verify,59
1587,blind,verify,132
1588,blind,verify,267
1589,blind,verify,235
1590,blind,verify,123
1591,blind,verify,3
1592,blind,verify,241
1593,blind,verify,245
1594,blind,verify,82
1595,blind,verify,285
1596,blind,verify,34
1597,blind,verify,51
1598,blind,verify,19
1599,blind,verify,232
1600,blind,verify,240
1601,blind,verify,80
1602,blind,verify,196
1603,blind,verify,185
1604,blind,verify,45
1605,blind,verify,67
1606,blind,verify,117
1607,blind,verify,263
1608,blind,verify,271
1609,blind,verify,46
1610,blind,verify,83
1611,blind,verify,122
1612,blind,verify,1
1613,blind,verify,68
1614,blind,verify,71
1615,blind,verify,173
1616,blind,verify,246
1617,blind,verify,127
1618,blind,verify,98
1619,blind,verify,144
1620,blind,verify,71
1621,blind,verify,149
1622,blind,verify,38
1623,blind,verify,160
1624,blind,verify,99
1625,blind,verify,121
1626,blind,verify,111
1627,blind,verify,155
1628,blind,verify,137
1629,blind,verify,116
1630,blind,verify,100
1631,blind,verify,210
1632,blind,verify,182
1633,blind,verify,281
1634,blind,verify,257
1635,blind,verify,102
1636,blind,verify,244
1637,blind,verify,48
1638,blind,verify,205
1639,blind,verify,94
1640,blind,verify,156
1641,blind,verify,214
1642,blind,verify,146
1643,blind,verify,227
1644,blind,verify,181
1645,blind,verify,142
1646,blind,verify,201
1647,blind,verify,23
1648,blind,verify,17
1649,blind,verify,59
1650,blind,verify,175
1651,blind,verify,183
1652,blind,verify,258
1653,blind,verify,117
1654,blind,verify,68
1655,blind,verify,45
1656,blind,verify,41
1657,blind,verify,107
1658,blind,verify,209
1659,blind,verify,52
1660,blind,verify,208
1661,blind,verify,60
1662,blind,verify,141
1663,blind,verify,20
1664,smart-prl,sign,150
1665,smart-prl,sign,149
1666,smart-prl,sign,149
1667,smart-prl,sign,150
1668,smart-prl,sign,149
1669,smart-prl,sign,150
1670,smart-prl,sign,149
1671,smart-prl,sign,149
1672,smart-prl,sign,150
1673,smart-prl,sign,147
1674,smart-prl,sign,149
1675,smart-prl,sign,46
1676,smart-prl,sign,149
1677,smart-prl,sign,146
1678,smart-prl,sign,146
1679,smart-prl,sign,147
1680,smart-prl,sign,146
1681,smart-prl,sign,84
1682,smart-prl,sign,150
1683,smart-prl,sign,148
1684,smart-prl,sign,146
1685,smart-prl,sign,150
1686,smart-prl,sign,104
1687,smart-prl,sign,146
1688,smart-prl,sign,150
1689,smart-prl,sign,148
1690,smart-prl,sign,149
1691,smart-prl,sign,112
1692,smart-prl,sign,146
1693,smart-prl,sign,149
1694,smart-prl,sign,149
1695,smart-prl,sign,146
1696,smart-prl,sign,148
1697,smart-prl,sign,149
1698,smart-prl,sign,94
1699,smart-prl,sign,147
1700,smart-prl,sign,10
1701,smart-prl,sign,119
1702,smart-prl,sign,146
1703,smart-prl,sign,147
1704,smart-prl,sign,147
1705,smart-prl,sign,148
1706,smart-prl,sign,147
1707,smart-prl,sign,26
1708,smart-prl,sign,25
1709,smart-prl,sign,147
1710,smart-prl,sign,147
1711,smart-prl,sign,148
1712,smart-prl,sign,137
1713,smart-prl,sign,148
1714,smart-prl,sign,146
1715,smart-prl,sign,149
1716,smart-prl,sign,148
1717,smart-prl,sign,78
1718,smart-prl,sign,148
1719,smart-prl,sign,84
1720,smart-prl,sign,149
1721,smart-prl,sign,146
1722,smart-prl,sign,149
1723,smart-prl,sign,112
1724,smart-prl,sign,145
1725,smart-prl,sign,139
1726,smart-prl,sign,148
1727,smart-prl,sign,148
1728,smart-prl,sign,147
1729,smart-prl,sign,150
1730,smart-prl,sign,147
1731,smart-prl,sign,148
1732,smart-prl,sign,149
1733,smart-prl,sign,150
1734,smart-prl,sign,149
1735,smart-prl,sign,150
1736,smart-prl,sign,149
1737,smart-prl,sign,150
1738,smart-prl,sign,21
1739,smart-prl,sign,147
1740,smart-prl,sign,145
1741,smart-prl,sign,149
1742,smart-prl,sign,146
1743,smart-prl,sign,60
1744,smart-prl,sign,148
1745,smart-prl,sign,146
1746,smart-prl,sign,117
1747,smart-prl,sign,148
1748,smart-prl,sign,150
1749,smart-prl,sign,149
1750,smart-prl,sign,149
1751,smart-prl,sign,144
1752,smart-prl,sign,150
1753,smart-prl,sign,147
1754,smart-prl,sign,148
1755,smart-prl,sign,145
1756,smart-prl,sign,147
1757,smart-prl,sign,149
1758,smart-prl,sign,150
1759,smart-prl,sign,107
1760,smart-prl,sign,57
1761,smart-prl,sign,149
1762,smart-prl,sign,146
1763,smart-prl,sign,148
1764,smart-prl,sign,150
1765,smart-prl,sign,146
1766,smart-prl,sign,150
1767,smart-prl,sign,145
1768,smart-prl,sign,149
1769,smart-prl,sign,148
1770,smart-prl,sign,148
1771,smart-prl,sign,18
1772,smart-prl,sign,150
1773,smart-prl,sign,32
1774,smart-prl,sign,25
1775,smart-prl,sign,146
1776,smart-prl,sign,148
1777,smart-prl,sign,149
1778,smart-prl,sign,149
1779,smart-prl,sign,150
1780,smart-prl,sign,148
1781,smart-prl,sign,148
1782,smart-prl,sign,101
1783,smart-prl,sign,150
1784,smart-prl,sign,146
1785,smart-prl,sign,150
1786,smart-prl,sign,149
1787,smart-prl,sign,146
1788,smart-prl,sign,148
1789,smart-prl,sign,148
1790,smart-prl,sign,146
1791,smart-prl,sign,147
1792,smart-prl,sign,149
1793,smart-prl,sign,148
1794,smart-prl,sign,150
1795,smart-prl,sign,150
1796,smart-prl,sign,146
1797,smart-prl,sign,147
1798,smart-prl,sign,149
1799,smart-prl,sign,150
1800,smart-prl,sign,149
1801,smart-prl,sign,150
1802,smart-prl,sign,149
1803,smart-prl,sign,149
1804,smart-prl,sign,148
1805,smart-prl,sign,148
1806,smart-prl,sign,150
1807,smart-prl,sign,148
1808,smart-prl,sign,149
1809,smart-prl,sign,148
1810,smart-prl,sign,147
1811,smart-prl,sign,148
1812,smart-prl,sign,150
1813,smart-prl,sign,149
1814,smart-prl,sign,128
1815,smart-prl,sign,95
1816,smart-prl,sign,148
1817,smart-prl,sign,142
1818,smart-prl,sign,149
1819,smart-prl,sign,148
1820,smart-prl,sign,150
1821,smart-prl,sign,149
1822,smart-prl,sign,149
1823,smart-prl,sign,145
1824,smart-prl,sign,150
1825,smart-prl,sign,147
1826,smart-prl,sign,119
1827,smart-prl,sign,147
1828,smart-prl,sign,150
1829,smart-prl,sign,110
1830,smart-prl,sign,149
1831,smart-prl,sign,148
1832,smart-prl,sign,146
1833,smart-prl,sign,149
1834,smart-prl,sign,150
1835,smart-prl,sign,149
1836,smart-prl,sign,150
1837,smart-prl,sign,150
1838,smart-prl,sign,149
1839,smart-prl,sign,150
1840,smart-prl,sign,146
1841,smart-prl,sign,149
1842,smart-prl,sign,147
1843,smart-prl,sign,148
1844,smart-prl,sign,105
1845,smart-prl,sign,150
1846,smart-prl,sign,36
1847,smart-prl,sign,149
1848,smart-prl,sign,149
1849,smart-prl,sign,149
1850,smart-prl,sign,150
1851,smart-prl,sign,149
1852,smart-prl,sign,149
1853,smart-prl,sign,148
1854,smart-prl,sign,146
1855,smart-prl,sign,147
1856,smart-prl,sign,7
1857,smart-prl,sign,149
1858,smart-prl,sign,146
1859,smart-prl,sign,145
1860,smart-prl,sign,148
1861,smart-prl,sign,146
1862,smart-prl,sign,149
1863,smart-prl,sign,147
1864,smart-prl,sign,148
1865,smart-prl,sign,149
1866,smart-prl,sign,149
1867,smart-prl,sign,147
1868,smart-prl,sign,147
1869,smart-prl,sign,150
1870,smart-prl,sign,145
1871,smart-prl,sign,148
1872,smart-prl,sign,147
1873,smart-prl,sign,150
1874,smart-prl,sign,144
1875,smart-prl,sign,145
1876,smart-prl,sign,145
1877,smart-prl,sign,145
1878,smart-prl,sign,144
1879,smart-prl,sign,150
1880,smart-prl,sign,149
1881,smart-prl,sign,105
1882,smart-prl,sign,149
1883,smart-prl,sign,100
1884,smart-prl,sign,150
1885,smart-prl,sign,144
1886,smart-prl,sign,148
1887,smart-prl,sign,149
1888,smart-prl,sign,149
1889,smart-prl,verify,132
1890,smart-prl,verify,137
1891,smart-prl,verify,140
1892,smart-prl,verify,130
1893,smart-prl,verify,136
1894,smart-prl,verify,110
1895,smart-prl,verify,122
1896,smart-prl,verify,112
1897,smart-prl,verify,276
1898,smart-prl,verify,92
1899,smart-prl,verify,82
1900,smart-prl,verify,63
1901,smart-prl,verify,137
1902,smart-prl,verify,100
1903,smart-prl,verify,202
1904,smart-prl,verify,121
1905,smart-prl,verify,114
1906,smart-prl,verify,84
1907,smart-prl,verify,165
1908,smart-prl,verify,137
1909,smart-prl,verify,222
1910,smart-prl,verify,97
1911,smart-prl,verify,124
1912,smart-prl,verify,107
1913,smart-prl,verify,42
1914,smart-prl,verify,57
1915,smart-prl,verify,31
1916,smart-prl,verify,157
1917,smart-prl,verify,133
1918,smart-prl,verify,229
1919,smart-prl,verify,108
1920,smart-prl,verify,140
1921,smart-prl,verify,79
1922,smart-prl,verify,3
1923,smart-prl,verify,140
1924,smart-prl,verify,134
1925,smart-prl,verify,124
1926,smart-prl,verify,131
1927,smart-prl,verify,195
1928,smart-prl,verify,142
1929,smart-prl,verify,65
1930,smart-prl,verify,147
1931,smart-prl,verify,77
1932,smart-prl,verify,147
1933,smart-prl,verify,138
1934,smart-prl,verify,132
1935,smart-prl,verify,115
1936,smart-prl,verify,5
1937,smart-prl,verify,129
1938,smart-prl,verify,219
1939,smart-prl,verify,122
1940,smart-prl,verify,22
1941,smart-prl,verify,26
1942,smart-prl,verify,135
1943,smart-prl,verify,126
1944,smart-prl,verify,13
1945,smart-prl,verify,135
1946,smart-prl,verify,91
1947,smart-prl,verify,115
1948,smart-prl,verify,194
1949,smart-prl,verify,134
1950,smart-prl,verify,177
1951,smart-prl,verify,174
1952,smart-prl,verify,125
1953,smart-prl,verify,144
1954,smart-prl,verify,65
1955,smart-prl,verify,193
1956,smart-prl,verify,129
1957,smart-prl,verify,141
1958,smart-prl,verify,143
1959,smart-prl,verify,135
1960,smart-prl,verify,125
1961,smart-prl,verify,120
1962,smart-prl,verify,115
1963,smart-prl,verify,139
1964,smart-prl,verify,120
1965,smart-prl,verify,264
1966,smart-prl,verify,135
1967,smart-prl,verify,91
1968,smart-prl,verify,168
1969,smart-prl,verify,150
1970,smart-prl,verify,96
1971,smart-prl,verify,119
1972,smart-prl,verify,266
1973,smart-prl,verify,135
1974,smart-prl,verify,103
1975,smart-prl,verify,96
1976,smart-prl,verify,236
1977,smart-prl,verify,129
1978,smart-prl,verify,5
1979,smart-prl,verify,144
1980,smart-prl,verify,82
1981,smart-prl,verify,148
1982,smart-prl,verify,110
1983,smart-prl,verify,81
1984,smart-prl,verify,135
1985,smart-prl,verify,121
1986,smart-prl,verify,141
1987,smart-prl,verify,131
1988,smart-prl,verify,125
1989,smart-prl,verify,145
1990,smart-prl,verify,118
1991,smart-prl,verify,123
1992,smart-prl,verify,136
1993,smart-prl,verify,101
1994,smart-prl,verify,207
1995,smart-prl,verify,151
1996,smart-prl,verify,117
1997,smart-prl,verify,99
1998,smart-prl,verify,120
1999,smart-prl,verify,178
2000,smart-prl,verify,123
2001,smart-prl,verify,110
2002,smart-prl,verify,64
2003,smart-prl,verify,123
2004,smart-prl,verify,113
2005,smart-prl,verify,133
2006,smart-prl,verify,124
2007,smart-prl,verify,140
2008,smart-prl,verify,111
2009,smart-prl,verify,200
2010,smart-prl,verify,127
2011,smart-prl,verify,139
2012,smart-prl,verify,103
2013,smart-prl,verify,103
2014,smart-prl,verify,129
2015,smart-prl,verify,131
2016,smart-prl,verify,113
2017,smart-prl,verify,18
2018,smart-prl,verify,106
2019,smart-prl,verify,113
2020,smart-prl,verify,142
2021,smart-prl,verify,185
2022,smart-prl,verify,93
2023,smart-prl,verify,226
2024,smart-prl,verify,259
2025,smart-prl,verify,132
2026,smart-prl,verify,58
2027,smart-prl,verify,136
2028,smart-prl,verify,147
2029,smart-prl,verify,129
2030,smart-prl,verify,141
2031,smart-prl,verify,142
2032,smart-prl,verify,121
2033,smart-prl,verify,109
2034,smart-prl,verify,136
2035,smart-prl,verify,1
2036,smart-prl,verify,182
2037,smart-prl,verify,133
2038,smart-prl,verify,91
2039,smart-prl,verify,3
2040,smart-prl,verify,132
2041,smart-prl,verify,139
2042,smart-prl,verify,102
2043,smart-prl,verify,247
2044,smart-prl,verify,134
2045,smart-prl,verify,41
2046,smart-prl,verify,115
2047,smart-prl,verify,122
2048,smart-prl,verify,143
2049,smart-prl,verify,135
2050,smart-prl,verify,136
2051,smart-prl,verify,203
2052,smart-prl,verify,115
2053,smart-prl,verify,142
2054,smart-prl,verify,144
2055,smart-prl,verify,103
2056,smart-prl,verify,108
2057,smart-prl,verify,100
2058,smart-prl,verify,131
2059,smart-prl,verify,117
2060,smart-prl,verify,99
2061,smart-prl,verify,123
2062,smart-prl,verify,91
2063,smart-prl,verify,147
2064,smart-prl,verify,4
2065,smart-prl,verify,204
2066,smart-prl,verify,137
2067,smart-prl,verify,92
2068,smart-prl,verify,243
2069,smart-prl,verify,24
2070,smart-prl,verify,124
2071,smart-prl,verify,42
2072,smart-prl,verify,105
2073,smart-prl,verify,132
2074,smart-prl,verify,139
2075,smart-prl,verify,119
2076,smart-prl,verify,130
2077,smart-prl,verify,112
2078,smart-prl,verify,55
2079,smart-prl,verify,98
2080,smart-prl,verify,109
2081,smart-prl,verify,248
2082,smart-prl,verify,134
2083,smart-prl,verify,121
2084,smart-prl,verify,139
2085,smart-prl,verify,143
2086,smart-prl,verify,142
2087,smart-prl,verify,95
2088,smart-prl,verify,180
2089,smart-prl,verify,132
2090,smart-prl,verify,109
2091,smart-prl,verify,124
2092,smart-prl,verify,129
2093,smart-prl,verify,115
2094,smart-prl,verify,120
2095,smart-prl,verify,111
2096,smart-prl,verify,138
2097,smart-prl,verify,141
2098,smart-prl,verify,175
2099,smart-prl,verify,239
2100,smart-prl,verify,119
2101,smart-prl,verify,109
2102,smart-prl,verify,138
2103,smart-prl,verify,288
2104,smart-prl,verify,118
2105,smart-prl,verify,116
2106,smart-prl,verify,57
2107,smart-prl,verify,119
2108,smart-prl,verify,61
2109,smart-prl,verify,38
2110,smart-prl,verify,197
2111,smart-prl,verify,119
2112,smart-prl,verify,252
2113,smart-prl,verify,184
2114,smart-prl,verify,70
2115,smart-prl,verify,134
2116,smart-prl,verify,53
2117,smart-prl,verify,255
2118,smart-prl,verify,111
2119,smart-prl,verify,118
2120,smart-prl,verify,126
2121,smart-prl,verify,116
2122,smart-prl,verify,108
2123,smart-prl,verify,15
2124,smart-prl,verify,127
2125,smart-prl,verify,188
2126,smart-prl,verify,130
2127,smart-prl,verify,141
2128,smart-prl,verify,113
2129,smart-prl,verify,102
2130,smart-prl,verify,140
2131,smart-prl,verify,136
2132,smart-prl,verify,128
2133,smart-prl,verify,122
2134,smart-prl,verify,52
2135,smart-prl,verify,37
2136,smart-prl,verify,133
2137,smart-prl,verify,132
2138,smart-prl,verify,105
2139,smart-prl,verify,190
2140,smart-prl,verify,95
2141,smart-prl,verify,144
2142,smart-prl,verify,120
2143,smart-prl,verify,114
2144,smart-prl,verify,140
2145,smart-prl,verify,118
